Visible_mean,Visible_max,Visible_min, mean distribution, contrast, entropy, second angular momentum,IR_mean,IR_max,IR_min
3,140,43.5,0.0833,862.8417,0.0254,3.889,163,240,213.3555
3,135,41.9063,0.079,690.3291,0.0259,3.834,167,239,213.7188
2,126,21.0586,0.0406,308.3583,0.0684,3.1702,174,240,227.5859
4,197,77.4805,0.089,874.4709,0.0243,3.9442,155,239,197.2773
7,193,88.8398,0.0884,810.1126,0.0223,3.9318,150,236,186.0195
5,190,57.1836,0.0568,388.4958,0.0398,3.5269,135,236,195.3125
5,144,42.0391,0.0418,250.875,0.0543,3.2405,94,225,179.1484
3,130,18.2188,0.0297,180.3792,0.1084,2.8236,155,235,216.5117
3,136,44.7813,0.0592,433.3792,0.0394,3.5576,152,238,205.6914
3,124,28.5781,0.0359,234.35,0.1251,2.8862,159,240,220.0352
3,187,86.0547,0.0756,624.3583,0.0265,3.7939,150,239,189.0586
4,191,81.0234,0.0869,787.4542,0.0257,3.8711,150,237,190.6914
3,169,57.9648,0.0844,802.8417,0.0263,3.8562,153,237,203.0938
5,187,78.8047,0.0923,883.4042,0.0224,3.9528,151,236,193.2969
6,181,73.2891,0.0972,1046.5958,0.0217,4.0206,152,234,194.8008
4,148,32.0625,0.0608,546.9709,0.0388,3.5703,155,237,218.5234
4,121,33.7031,0.0579,414.2751,0.0358,3.5909,175,236,218.7148
7,155,59.2305,0.0837,745.0083,0.025,3.8622,162,234,203.8516
5,116,36.0195,0.0703,568.975,0.0315,3.6985,171,234,216.6875
4,78,12.1563,0.0215,107.8208,0.1449,2.5383,193,235,229.9531
4,128,22.0547,0.0403,298.7,0.0823,3.1272,172,236,224.1055
4,127,26.6719,0.0559,403.9792,0.0361,3.5378,167,234,220.6367
6,150,44.6367,0.0844,811.0958,0.0267,3.8723,161,235,212.1094
6,141,51.9727,0.0799,709.2292,0.0259,3.8191,162,237,208.5352
6,140,49.7695,0.0864,789.9916,0.0236,3.896,165,237,210.7266
5,78,17.043,0.0299,140.3542,0.0764,2.9614,195,238,230.6953
6,115,23.8047,0.042,342.0583,0.0733,3.1733,176,237,226.625
7,141,32.9063,0.067,547.2209,0.0325,3.6859,166,237,218.8398
7,145,40.3945,0.0629,490.3209,0.0326,3.6723,165,235,214.9297
9,114,36.5625,0.053,326.45,0.0377,3.4987,184,234,218.4648
12,105,41.4961,0.0588,360.875,0.0347,3.5334,181,233,216.2734
12,137,51.0352,0.072,584.0667,0.028,3.7435,167,233,210.4688
10,182,106.7813,0.1244,1534.4332,0.019,4.1332,151,233,176.25
22,198,129.5039,0.0876,801.9874,0.0233,3.9221,151,225,166.3086
6,215,108.1289,0.0938,950.525,0.0233,3.973,152,236,179.5859
5,213,83.1211,0.0781,701.7667,0.027,3.8126,153,237,190.1406
3,177,26.8125,0.0349,271.0792,0.1171,2.8282,154,239,223.1211
3,195,58.9219,0.0575,614.7667,0.1009,3.1781,153,240,209.625
7,201,121.0664,0.0758,676.35,0.0275,3.7934,77,237,154.6992
8,124,43.4063,0.0398,230.2292,0.0509,3.243,59,227,172.6563
8,166,69.9609,0.0659,542.725,0.0317,3.6293,150,233,190.8125
13,178,91.9688,0.1058,1085.3584,0.0202,4.0505,149,233,183.2969
7,189,103.625,0.0889,813.8126,0.0233,3.9156,150,236,178.7422
7,188,84.0508,0.0947,901.7875,0.021,3.9842,150,236,187.5078
7,171,73.6289,0.08,740.1833,0.0255,3.8339,151,236,193.3711
6,189,65.3516,0.0848,797.3792,0.0241,3.8927,150,236,199.9023
9,178,103.9961,0.1142,1293.8959,0.0186,4.1176,151,232,176.5898
9,187,76.4453,0.0962,953.1791,0.0214,3.9942,150,231,191.9688
10,169,68.0156,0.0867,817.6666,0.0233,3.9259,154,231,196.6953
10,166,74.7852,0.0996,1016.4583,0.0216,4.013,155,230,194.5898
11,157,65.6172,0.0945,922.4584,0.0237,3.9493,160,231,199.9414
4,144,28.6445,0.0533,383.5667,0.0395,3.4849,163,234,220.2539
4,94,17.5625,0.0357,212,0.0617,3.1088,186,234,226.668
4,61,10.457,0.0166,46.9792,0.1185,2.4576,198,234,230.6445
5,97,21.7852,0.0391,227.6583,0.0538,3.2015,191,235,225.25
7,153,48.3359,0.0769,732.0042,0.0291,3.7615,161,237,211.332
7,157,82.5742,0.0933,894.1209,0.0224,3.9413,158,236,190.6445
6,125,30.8516,0.0521,345.225,0.0393,3.4754,172,237,222.2344
6,64,15.7305,0.0249,89.2917,0.0808,2.8185,213,237,231.6563
7,52,20.4023,0.0317,116.7208,0.0561,3.0741,210,236,227.7109
7,84,18.8906,0.0326,173.2833,0.0695,3.0419,195,236,227.168
9,106,34.4063,0.057,356.3791,0.0333,3.5622,182,235,219.6797
10,150,56.3711,0.0721,547.4083,0.0282,3.7506,161,236,207.9805
15,140,60.5469,0.0692,496.1917,0.0295,3.6945,163,231,205.1367
4,168,47.4375,0.0855,948.3625,0.031,3.814,152,237,206.0938
4,157,61.0078,0.0869,885.1249,0.0246,3.9049,155,238,200.3516
5,224,97.0195,0.0839,798.946,0.0249,3.8629,153,239,188.3047
4,161,43.8945,0.071,679.4,0.0315,3.7563,153,239,214.5625
4,182,64.0859,0.0945,919.7751,0.0215,3.9708,151,238,200.8906
4,182,56.2305,0.0478,249.175,0.0395,3.4054,65,238,197.207
5,152,43.4297,0.0569,576.2334,0.0491,3.4366,127,238,210.2188
13,168,77.4258,0.0474,253.6792,0.0395,3.4025,55,217,146.25
6,164,78.375,0.061,405.325,0.031,3.6235,131,236,180.3594
4,162,45.5078,0.0765,767.7626,0.031,3.7926,151,238,208.9531
4,190,37.6953,0.0549,575.3,0.1141,3.1594,153,240,219.4688
4,189,46.25,0.0591,718.1918,0.1233,3.1235,151,239,215.3125
19,179,91.793,0.0972,1048.275,0.0227,3.9663,153,228,184.6328
5,169,60.9102,0.0964,1006.0501,0.022,3.9976,155,237,202.3008
7,179,63.7422,0.1006,1071.4249,0.0211,4.0339,154,236,200.0625
7,177,74.5078,0.0951,1087.2251,0.0241,3.9288,152,233,194.1328
12,183,99.9375,0.0839,737.5167,0.0235,3.8807,152,228,178.8555
7,189,80.5117,0.0771,648.3583,0.0268,3.7921,153,235,189.6445
13,189,104.625,0.0963,929.8791,0.0231,3.9346,151,227,177.1563
9,179,95.3164,0.0925,831.4083,0.024,3.8765,153,232,183.6719
5,147,45.4648,0.0721,597.7458,0.0284,3.7547,157,237,211.5039
5,94,20.5938,0.0441,248.35,0.0483,3.2979,186,236,225.125
6,125,40.3828,0.0722,564.6875,0.0283,3.7342,172,235,214.4922
11,136,60.6641,0.09,851.3667,0.0238,3.9051,170,235,206.6172
7,174,45.5234,0.0802,732.45,0.0264,3.8021,159,236,215.5273
5,116,17.6602,0.0332,263.2917,0.1148,2.812,176,238,230.2891
5,70,12.2969,0.0186,69.525,0.1573,2.4648,200,239,233.5234
5,118,35.6602,0.0539,355.0542,0.0385,3.5045,174,237,219.3516
10,118,42.5859,0.0582,403.9167,0.0355,3.551,174,233,214.8086
12,157,61.1992,0.0746,547.9626,0.0298,3.6918,161,233,203.5313
9,159,45.0156,0.0653,466.8917,0.0305,3.6761,160,235,214.3672
14,163,64.5586,0.0785,637.1417,0.0283,3.7834,158,233,203.5117
7,166,72.0156,0.1129,1359.3418,0.0212,4.0516,159,237,196.4023
12,158,78.293,0.0853,780.3292,0.0257,3.8475,157,233,189.5586
35,198,101.1094,0.0712,524.2876,0.0272,3.723,155,215,180.1602
39,195,131.2539,0.069,469.7583,0.0276,3.6791,153,214,165.8008
4,179,62.2539,0.0854,905.2333,0.0265,3.8757,153,238,204.3789
4,213,119.9648,0.0745,618.7792,0.0281,3.7773,45,239,163.9141
35,221,136.0742,0.0841,725.5333,0.0261,3.8019,65,220,157.1016
58,217,142.4961,0.0569,351.4125,0.0334,3.548,6,162,80.3164
37,165,118.75,0.0403,172.4625,0.0475,3.2474,78,186,130.7383
5,150,62.0859,0.0404,183.8167,0.0485,3.2203,139,238,193.7813
4,93,19.9805,0.0235,93.7375,0.1048,2.722,184,239,228.0781
4,182,43.3984,0.0539,397.3417,0.0434,3.4657,153,238,214.7773
14,189,95.8477,0.1037,1176.8668,0.0197,4.0637,154,233,183.1172
11,180,79.3711,0.0825,668.7709,0.0242,3.8326,152,230,189.2305
5,169,45.2383,0.075,799.4958,0.0332,3.7414,155,236,211.6172
5,170,33.3945,0.063,663.4084,0.0471,3.5199,161,236,218.9219
5,205,99.9414,0.1065,1388.9626,0.0221,4.0489,152,236,186.0313
19,187,95.0781,0.0953,968.8416,0.023,3.9469,154,230,183.8008
14,173,78.4219,0.0946,896.3542,0.0219,3.9692,154,234,193.5469
10,184,84.5586,0.0981,1073.5375,0.0215,4.0272,151,237,193.4531
10,204,98.4141,0.095,983.5042,0.0216,3.9957,152,237,186.1641
11,197,97.0078,0.0932,955.4875,0.0233,3.9227,153,231,184.0898
9,171,87.6211,0.0924,840.9417,0.0238,3.8794,153,231,187.6367
15,159,75.3828,0.1005,1087.3751,0.0213,4.0304,157,232,198.543
12,174,70.9336,0.0953,957.6626,0.0219,3.9634,159,234,203.3008
5,173,48.1641,0.0721,630.2791,0.0291,3.7812,162,236,212.6133
5,136,20.0273,0.036,257.6458,0.093,2.9908,170,239,229.375
5,56,9.1563,0.0101,32.6667,0.2477,1.8889,212,237,234.7891
7,121,34.1797,0.0414,296.4417,0.1252,2.958,169,236,219.8555
26,194,115.9531,0.0806,697.8165,0.0261,3.8202,153,222,173.4766
8,152,41.9141,0.0559,383.0833,0.0389,3.5219,158,238,214.8828
8,131,39.1484,0.0658,519.0876,0.0315,3.6908,170,239,218.0234
4,199,61.0703,0.075,674.8499,0.0306,3.7775,155,240,204.8398
5,199,96.9922,0.076,714.3752,0.0296,3.745,155,240,186.7305
96,218,167.1484,0.0645,431.3209,0.0308,3.6145,153,177,157.3711
41,197,143.6289,0.0586,383.4459,0.0343,3.5625,153,217,161.1641
4,166,53.5469,0.0812,872.3251,0.0284,3.8521,156,239,208.1836
4,168,61.0234,0.0914,993.1415,0.0258,3.9558,155,239,203.9375
5,195,67.9102,0.128,1989.3917,0.0209,4.1868,132,238,202.3711
6,229,97.625,0.0719,613.7458,0.0301,3.7243,1,237,134.0742
55,190,113.5586,0.0589,387.3833,0.0358,3.5328,47,148,102.4922
24,182,108.0859,0.0566,379.5084,0.0353,3.5302,93,222,154.707
19,176,93.3633,0.0703,511.6166,0.0276,3.7177,155,227,185.0664
11,199,111.0195,0.0938,972.0583,0.0239,3.9395,152,234,178.4883
12,166,81.5664,0.0862,802.5792,0.0237,3.8782,153,229,188.4922
9,167,61.8086,0.0704,536.7501,0.0289,3.7088,155,231,200.7109
17,157,68.3047,0.056,342.5375,0.0335,3.544,157,227,196.1602
5,174,81.8438,0.061,410.7584,0.0314,3.6298,153,236,188.5625
6,167,50.168,0.0772,754.1251,0.0279,3.8231,157,237,210.418
7,177,81.7383,0.109,1259.3628,0.0214,4.0212,157,236,194.1172
10,157,71.6641,0.0954,959.3207,0.0227,3.9584,155,237,199.5195
6,135,56.3633,0.0805,749.2582,0.0265,3.855,165,241,208.1563
7,155,44.6367,0.0653,549.5833,0.0362,3.6145,161,240,215.7852
7,179,81.9336,0.0796,701.3708,0.025,3.8536,153,238,194.7969
7,176,81.75,0.0976,1012.6793,0.0217,3.999,153,238,193.0781
9,182,75.8359,0.1063,1156.5585,0.0199,4.0436,155,237,199.1133
11,183,80.6367,0.1057,1190.2375,0.0212,4.0224,155,234,197.3398
14,192,97.6016,0.0854,758.9916,0.0238,3.8802,155,233,186.6211
10,177,81.7539,0.0744,577.2333,0.0269,3.7812,154,236,193.4258
8,151,59.1992,0.0832,721.5791,0.0235,3.8948,158,234,205.9375
7,152,29.6172,0.0472,336.2209,0.0535,3.3347,166,236,222.5391
9,157,38.3633,0.0559,497.275,0.0497,3.4708,154,234,216.7461
7,91,25.6641,0.0403,266.9459,0.065,3.1878,192,237,225.2227
7,85,13.6797,0.018,85.6792,0.1923,2.2792,198,239,232.918
4,162,39.875,0.0592,519.0958,0.0416,3.5424,155,239,218.332
5,179,44.8711,0.0549,455.2959,0.0444,3.4642,155,240,213.4922
10,200,98.3945,0.1145,1335.8457,0.0177,4.1446,154,236,184.3867
6,169,61.4141,0.0703,636.0584,0.0303,3.7068,155,239,204.5977
9,149,52.8516,0.069,545.2167,0.0307,3.6996,160,236,207.9727
7,176,69.7461,0.0907,964.5916,0.0238,3.939,155,233,197.6406
4,181,51.957,0.1034,1252.1793,0.0219,4.0446,155,239,211.4727
5,169,39.3125,0.072,868.6791,0.0431,3.6115,77,237,203.2266
15,156,58.0195,0.0771,705.1,0.0256,3.871,49,215,154.1484
8,155,46.4492,0.0799,861.025,0.0295,3.772,107,227,189.1602
13,212,119.1836,0.1103,1218.421,0.0199,4.0848,134,228,169.3594
5,199,90.0664,0.105,1170.2292,0.0201,4.0665,151,235,187.7969
5,208,118.9336,0.0953,1033.9834,0.0233,3.9536,148,235,174.0664
10,194,85.7891,0.107,1210.7958,0.0202,4.0416,150,231,189.0039
9,203,110.4414,0.092,845.2166,0.0219,3.9473,154,235,179.0625
9,206,87.8633,0.0928,975.2958,0.0222,3.9753,153,233,190.0977
12,194,92.2617,0.0963,926.2626,0.0235,3.9297,154,232,186.7617
16,191,93.1797,0.0832,666.0958,0.0252,3.8207,155,230,184.8125
15,190,82.2031,0.0769,628.6542,0.0249,3.8413,157,231,192.8516
16,147,82.3711,0.0734,541.6792,0.0277,3.7327,161,231,191.6836
18,151,95.1094,0.0599,376.5375,0.034,3.5603,158,230,182.4023
8,166,82.6172,0.07,584.5459,0.0308,3.6982,157,238,192.1016
9,168,59.6367,0.0847,731.1208,0.0267,3.8296,157,237,207.6719
8,157,53.9492,0.0932,974.6835,0.0232,3.9754,158,237,210.4531
9,169,62.7578,0.0983,1106.2377,0.0228,3.9603,159,237,205.793
9,168,61.2461,0.0965,1016.0208,0.0231,3.9787,160,237,206.957
8,176,66.5781,0.0909,856.1791,0.0226,3.9287,154,238,204.1563
10,169,73.5078,0.09,813.9791,0.0235,3.9079,155,236,197.6133
11,164,76.7344,0.0906,850.8666,0.0228,3.9261,156,232,195.4453
12,172,66.0625,0.098,1007.3666,0.022,3.9745,157,236,202.6523
10,161,54.9258,0.0749,605.9542,0.0275,3.7693,157,234,207.8125
10,136,52.9727,0.0876,803.9916,0.0232,3.9174,161,234,210.5117
8,192,74.6133,0.0869,783.6541,0.0236,3.9067,157,236,198.8164
5,169,52.5195,0.0788,676.7958,0.0257,3.8378,159,239,209.7813
4,195,79.8555,0.103,1316.2625,0.0217,4.0632,155,239,196.1289
9,178,84.1758,0.0927,939.0333,0.0223,3.9821,150,232,190.4453
19,157,72.3438,0.0539,328.5458,0.0359,3.5149,132,224,179.5234
12,164,71.207,0.0667,490.4792,0.031,3.6417,153,228,190.582
4,110,25.8867,0.0375,217.5208,0.0594,3.1677,173,237,223.5117
5,159,33.4922,0.0589,547.9667,0.0469,3.5205,161,237,218.1133
5,203,73.3633,0.1002,1120.4918,0.0215,4.0562,121,237,196.4141
17,166,79.8828,0.0999,998.5709,0.0215,3.9892,119,228,174.6563
7,170,72.9219,0.1108,1265.1292,0.0201,4.0854,143,237,193.1367
4,160,41.6055,0.0551,539.5708,0.074,3.303,139,236,201.6289
4,26,6.0469,0.0042,6.125,0.3643,1.3269,219,239,233.8672
5,151,23.0742,0.0395,366.2625,0.098,2.949,156,236,222.9531
7,182,46.8984,0.0909,1026.0416,0.0242,3.9653,164,237,212.6016
7,199,60.8281,0.1095,1329.2,0.021,4.07,157,233,205.2422
6,189,55.3633,0.0949,1084.2374,0.0245,3.9608,157,238,211.6875
5,195,56.0664,0.0716,610.6334,0.0348,3.6841,157,240,211.9922
5,179,32.0039,0.0635,671.1791,0.0465,3.5064,158,240,225.4648
7,205,96.7656,0.0883,890.475,0.0241,3.919,155,239,189.6523
17,184,108.1953,0.0688,522.4084,0.03,3.6742,157,230,178.6992
7,135,46.2461,0.0674,506.3292,0.031,3.6778,172,242,216.9023
6,99,27.8125,0.0497,347.3833,0.0493,3.4062,195,245,229.6133
7,173,57.7227,0.0826,740.6124,0.0241,3.8884,165,246,212.5938
5,135,34.6055,0.0605,509.9125,0.0406,3.5574,168,245,224.7344
6,149,32.5234,0.0634,508.3959,0.0325,3.6579,164,240,223.9961
7,129,35.8242,0.0527,336.8209,0.0359,3.5174,174,238,221.6133
7,172,58.2617,0.0742,663.0291,0.0298,3.7484,157,238,210.1133
9,155,53.3086,0.0705,601.7209,0.0287,3.7518,156,237,210.8516
7,113,24.125,0.0381,204.9541,0.0573,3.1813,179,239,228.6289
9,163,68.0664,0.0718,609.1292,0.0288,3.7692,155,236,202.3242
9,160,53.2227,0.0671,520.775,0.0336,3.641,168,236,211.3633
3,192,48.5273,0.0766,834.225,0.0361,3.6983,158,242,216.1484
3,197,39.0938,0.0654,738.8542,0.0494,3.55,158,242,220.8906
3,99,9.7109,0.0177,155.2125,0.2399,2.0188,186,240,232.8398
5,194,60.3906,0.0647,714.4125,0.0563,3.432,110,238,193.1016
19,198,119.2266,0.0896,797.5833,0.023,3.9163,106,223,154.4883
14,188,94.4922,0.0796,683.9791,0.0261,3.8232,149,228,182.5742
13,204,77.5039,0.072,563.7542,0.0282,3.7413,154,231,193.2383
7,185,77.6406,0.0818,730.0624,0.0239,3.899,156,236,194.5938
5,197,49.6719,0.0797,846.6208,0.0328,3.7648,157,237,212.7734
11,205,101.9063,0.1196,1517.5291,0.0189,4.1189,119,233,174.2461
9,174,94.5391,0.0977,930.6917,0.0226,3.9147,124,236,178.8594
7,166,75.5547,0.0868,881.9709,0.0257,3.8929,154,237,197.1445
6,158,54.6758,0.0455,261.1667,0.0462,3.3528,135,237,200.1289
7,118,41.1797,0.0486,274.5833,0.0395,3.4183,135,233,199.1094
8,148,60.2891,0.0838,743.9418,0.0264,3.8347,113,234,197.9453
6,147,57.4727,0.078,646.0667,0.0261,3.8201,94,234,179.5977
5,125,31.7891,0.0647,506.9751,0.031,3.7064,166,239,219.3828
4,115,23.5625,0.0481,334.6917,0.046,3.3952,178,240,228.1953
4,89,9.9727,0.0184,100.0833,0.1507,2.3928,193,240,236.6875
5,181,27.1992,0.0422,274.2542,0.0514,3.2698,166,243,229.8906
24,191,106.293,0.0944,926.1833,0.0221,3.9808,159,232,189.082
10,172,72.832,0.0913,845.2084,0.0238,3.8982,169,242,206.75
8,155,64.8047,0.0831,734.7458,0.0237,3.8797,168,246,212.2422
7,149,31.9336,0.0555,397.1833,0.037,3.5461,174,246,231.543
5,97,18.0469,0.0297,145.2167,0.0749,2.9374,195,246,238.5859
6,97,21.6563,0.0361,214.9833,0.0709,3.0889,189,245,232.6836
7,107,24.6172,0.0404,277.175,0.0661,3.1474,184,239,228.0273
9,147,47.1484,0.0667,491.6958,0.0291,3.7068,170,237,215.8594
10,130,48.9297,0.0631,452.2875,0.0324,3.6019,168,237,213.5742
8,100,31.5313,0.0461,237.7875,0.0418,3.3771,182,238,223.4258
9,144,43.7813,0.0524,311.1583,0.0369,3.491,168,236,216.6719
8,135,35.7891,0.0435,248.7542,0.0477,3.3191,166,238,220.3789
3,108,21.1289,0.0368,212.8416,0.0615,3.1543,177,242,230.3398
3,161,20.4297,0.042,391.7667,0.0797,3.0768,167,242,230.7305
3,135,25.7148,0.0501,468.2125,0.0549,3.3593,190,240,228.4063
8,199,107.8203,0.1102,1258.2792,0.0193,4.0985,157,237,185.2891
6,199,74.3047,0.0856,861.6916,0.0239,3.8904,159,239,197.3828
11,201,83.6602,0.1004,1033.2999,0.0218,3.9614,155,236,193.1172
7,206,80.8594,0.1137,1413.9001,0.0207,4.0714,153,239,198.2578
33,198,110.8477,0.099,1001.7667,0.021,4.0203,155,221,177.875
18,183,90.6641,0.092,850.8126,0.0253,3.8893,155,231,187.6992
9,208,107.1836,0.1311,1811.196,0.0181,4.2016,105,235,172.7617
7,166,79.1953,0.0908,832.1459,0.0232,3.9338,129,236,184.6719
5,171,55.4023,0.0767,674.8625,0.0269,3.7863,162,239,211.4023
8,194,89.3789,0.0912,869.4418,0.0243,3.9166,161,237,194.5469
6,120,23.3164,0.0402,227.4375,0.0563,3.2069,191,238,227.3477
7,179,50.6641,0.0767,687.8125,0.026,3.8365,160,241,213.8125
7,140,45.8047,0.0689,522.4583,0.0291,3.7042,107,241,202.4219
5,108,41.4375,0.0476,309.8459,0.0496,3.3605,159,239,208.8672
4,67,9.3906,0.0111,41.6625,0.2902,1.8623,205,240,237.0977
5,79,16.1094,0.0254,96.9042,0.0814,2.8306,200,242,234.1055
5,105,20.9688,0.0398,229.7875,0.0575,3.1856,191,244,234.332
5,198,45.3047,0.091,1190.975,0.0364,3.7735,164,243,222.8984
9,151,47.8555,0.0857,826.0541,0.0238,3.9113,174,246,220.4492
7,142,52.8789,0.0869,792.8376,0.0244,3.8633,173,247,220.8047
7,135,47.7227,0.0653,483.2458,0.0317,3.6513,184,246,223.3633
8,127,48.5703,0.0594,390.9709,0.0324,3.5908,182,246,221.0469
7,128,37.2461,0.0532,328.7125,0.038,3.4762,183,245,226.4727
7,129,19.4648,0.0327,183.6667,0.08,2.9691,176,239,232.0781
7,120,37.2461,0.0545,400.5667,0.0418,3.528,179,239,221.7539
9,142,46.2734,0.0735,646.0417,0.0288,3.747,166,242,218.0313
11,144,57.0117,0.0663,477.6208,0.0294,3.6929,170,242,212.1836
10,130,42.8125,0.0586,402.3584,0.0339,3.5997,174,237,217.7031
12,122,47.6953,0.06,383.6125,0.033,3.5835,176,235,213.3672
3,155,50.4961,0.0648,492.1625,0.0314,3.6532,162,242,211.5273
3,185,65.4102,0.0886,923.5084,0.0247,3.8822,159,240,204.1914
3,153,19.3945,0.0287,238.55,0.1743,2.5138,173,242,232.1445
6,206,91.625,0.1186,1434.1835,0.0182,4.1457,158,240,193.4961
5,157,45.293,0.0906,1006.1542,0.025,3.9493,161,240,216.2422
5,151,46.3125,0.092,986.0541,0.0233,3.9459,165,240,215.5352
6,167,65.9844,0.0916,917.9167,0.0229,3.9592,159,240,204.5313
22,194,100.1641,0.106,1144.4333,0.02,4.0494,159,227,186.8672
16,195,95.4258,0.1085,1181.0459,0.0196,4.0853,157,231,190.1133
12,186,114.2969,0.0904,843.9,0.0223,3.9453,122,231,169.7031
20,171,92.9023,0.0926,903.6375,0.0231,3.943,142,227,179.1836
8,180,97.2383,0.1108,1161.3209,0.0196,4.0717,160,236,188.5898
12,187,70.8711,0.0997,1056.1833,0.0214,3.9997,168,235,206.0313
7,148,38.0195,0.0719,664.7792,0.0304,3.7144,176,239,221.918
7,134,34.6992,0.0738,694.3834,0.0314,3.7299,184,239,224.5898
6,139,33.9648,0.0713,631.9625,0.0302,3.7262,184,240,224.0313
5,108,29.1602,0.0322,176.3417,0.0855,2.9861,176,239,218.1758
5,124,21.9531,0.0341,194.2583,0.0704,3.0476,176,240,229.5078
6,103,31.9336,0.0571,401.5834,0.0377,3.5204,187,240,226.6953
6,104,22.457,0.0334,156.1417,0.0603,3.0992,187,242,232.707
7,135,36.2227,0.0585,425.4126,0.0343,3.5926,179,242,225.8789
10,163,67.668,0.1012,1031.3042,0.0204,4.0399,169,245,212.0195
8,160,66.6836,0.0861,814.446,0.0237,3.8993,169,246,213.7773
9,184,71.3477,0.0987,1027.7041,0.0229,3.95,166,246,210.6055
9,190,66.1133,0.0845,742.0458,0.0253,3.8272,164,246,212.1055
7,118,28.6367,0.042,254.1792,0.0548,3.1972,185,245,230.6875
8,112,34.6016,0.0451,255.5917,0.0454,3.3419,187,239,224.0938
7,95,17.0156,0.0228,84.4333,0.1009,2.7056,193,239,232.7109
9,148,52.4805,0.069,559.2917,0.0306,3.7014,166,240,213.082
7,134,45.6914,0.0808,752.5624,0.0286,3.7969,171,245,220.9219
7,115,30.7227,0.0492,327.5625,0.0499,3.3836,187,245,229.8906
11,120,46.2813,0.0556,338.5959,0.035,3.5114,176,239,216.0859
2,205,69.0469,0.0886,1180.2876,0.0506,3.6975,158,242,206.7188
9,209,89.4766,0.1182,1490.5878,0.0181,4.193,158,236,191.3047
5,153,45.6563,0.0884,1035.2167,0.0282,3.8879,164,241,216.1875
5,166,53.875,0.1003,1156.6749,0.0208,4.0542,164,241,211.7656
15,176,86.4063,0.0999,1055.2375,0.0209,4.0607,159,227,190.2969
5,179,68.2656,0.0853,886.5667,0.0256,3.9162,158,238,200.4766
7,186,79.3828,0.089,820.0502,0.0238,3.9122,150,238,197.5703
27,190,105.0703,0.1127,1334.292,0.0197,4.099,155,223,183.8086
25,212,124.1836,0.123,1529.4249,0.0177,4.1849,157,226,177.9297
47,221,125.4492,0.1125,1242.8458,0.0216,4.0017,135,210,168.1211
5,157,52.8281,0.0808,734.5125,0.0263,3.8249,140,238,205.1055
5,179,59.4805,0.0965,1060.9875,0.0225,3.9638,164,239,210.7344
6,160,47.332,0.0836,777.975,0.0247,3.8945,176,240,218.8516
8,147,54.0781,0.0931,994.0626,0.0233,3.9681,183,237,216.8086
8,169,51.7969,0.0923,926.5541,0.0231,3.9487,178,239,217.2109
7,131,45.832,0.0669,495.6709,0.03,3.6778,183,239,219.543
8,161,53.1133,0.0846,785.0792,0.0256,3.8532,161,236,210.7227
7,148,60.3711,0.0903,874.175,0.0232,3.9151,166,238,207.4219
6,113,29.5977,0.0527,354.95,0.0377,3.5318,189,240,228.0508
6,114,20.1016,0.026,147.8542,0.1073,2.7379,188,240,232.6719
9,165,63.1211,0.1005,1057.4541,0.0217,3.9946,177,244,214.7266
9,178,73.6563,0.1188,1567.1584,0.0197,4.1249,169,247,211.3828
7,177,47.2227,0.0946,958.2416,0.0225,3.9832,165,247,225.5039
7,120,38.2266,0.0648,459.1791,0.0311,3.6472,193,247,229.3086
9,195,58,0.0837,805.3749,0.0264,3.8334,167,245,217.2734
9,142,47.6602,0.0695,562.2833,0.0284,3.7296,174,240,217.6953
9,147,34.7109,0.0557,390.6625,0.0402,3.4943,174,239,223.8047
8,81,19.1328,0.027,126.6667,0.0884,2.8506,204,244,234.1641
9,152,51.8789,0.065,476.425,0.0308,3.6783,169,243,215.7852
7,97,32.2031,0.0395,199.3667,0.0515,3.2268,191,245,228.8828
7,95,20.5586,0.029,123.3625,0.0709,2.98,193,245,236.1406
12,172,84.2109,0.073,547.5917,0.0275,3.7418,159,238,199.3672
2,153,23.4492,0.0514,595.8793,0.1139,2.9886,161,241,227.7656
4,229,84.9727,0.1747,3211.4753,0.0145,4.3708,159,239,200.0469
5,205,84.6445,0.1056,1245.9875,0.0221,4.0376,159,239,198.4531
4,204,74.3203,0.1226,1922.7754,0.0205,4.1544,161,240,203.7539
4,190,67.8711,0.1073,1423.5292,0.0216,4.0542,159,240,204.5938
5,205,31.582,0.0675,874.6625,0.0537,3.4908,161,242,222.8672
7,229,87.8516,0.1242,1691.567,0.0178,4.1903,148,237,194.9102
5,232,109.8516,0.0878,924.4875,0.0315,3.8488,155,240,189.0508
4,216,85.5938,0.0858,1002.7,0.0335,3.799,155,245,197.918
4,152,42.0977,0.0762,686.5792,0.0285,3.8058,161,244,215.4492
5,166,32.3359,0.0665,572.0459,0.0331,3.6781,170,242,222.5938
8,187,88.5469,0.1025,1119.3625,0.021,4.0111,163,241,198.1133
8,148,54.7578,0.0866,845.8334,0.0255,3.9003,174,239,214.457
9,160,57.8633,0.0958,1021.3251,0.022,3.9876,175,237,214.5625
7,170,65.0078,0.1001,1111.0167,0.0205,4.0335,167,239,210.7578
9,120,53.8711,0.0815,699.9708,0.0257,3.8255,185,239,215.2305
4,155,35.7617,0.0653,568.9292,0.0379,3.6201,180,242,224.9883
4,81,17.0859,0.035,185.1125,0.0627,3.1047,202,242,233.5898
7,82,22.8125,0.038,205.9708,0.0563,3.189,198,240,230.6133
7,133,44.793,0.0695,598.8168,0.0339,3.6727,182,243,222.5078
6,168,49.3633,0.075,718.3375,0.031,3.7236,180,247,223.5664
7,139,40.9453,0.0737,613.0292,0.0268,3.7961,188,247,228.5234
9,105,38.4688,0.0651,481.4042,0.0295,3.6926,194,246,230.3086
10,142,60.3281,0.084,721.7125,0.0253,3.8436,180,245,217.918
10,148,61.8398,0.0872,884.9084,0.0236,3.9306,181,243,215.7539
10,154,50.7695,0.0708,581.3626,0.0297,3.7481,176,243,219.3281
13,190,63.9414,0.0742,608.5959,0.0282,3.7532,163,241,213.3594
11,153,68.3281,0.0682,483.3875,0.0291,3.6722,168,243,209.9297
10,161,60.4297,0.0745,589.8209,0.0266,3.7788,170,243,213.9102
10,146,51.0273,0.0613,417.4333,0.0307,3.6437,176,243,218.4023
10,135,42.6641,0.0486,284.1959,0.0415,3.413,174,243,222.9961
13,194,109.4297,0.064,426.8417,0.031,3.637,153,241,186.4023
2,119,12.082,0.0357,286.2708,0.1026,2.9121,186,241,234.8555
2,162,17.5195,0.0464,560.3834,0.1882,2.6781,181,242,233.7422
3,144,14.0781,0.037,313.1917,0.1103,2.9208,178,241,234.6133
3,130,23.5547,0.0556,546.8667,0.0668,3.3355,189,240,230.3477
5,155,58.5313,0.0975,954.0084,0.023,3.9655,173,240,212.3828
5,150,59.4922,0.0951,909.2542,0.0236,3.9046,175,244,211.6484
3,134,26.1445,0.0622,540.1666,0.0364,3.6032,174,246,231.3125
3,98,12.8633,0.033,231.3375,0.1003,2.8913,191,247,234.8867
3,83,16.0156,0.036,186.2708,0.0589,3.1462,202,246,232.2617
4,128,25.418,0.0651,583.0417,0.033,3.6782,184,245,228.9375
3,172,29.5508,0.0732,800.7667,0.035,3.6856,176,245,230.8164
3,173,30.832,0.0731,1013.2083,0.0552,3.5274,169,245,229.9258
4,182,38.4727,0.0804,798.5458,0.0261,3.8382,172,240,224.6289
8,178,65.5117,0.1076,1328.2583,0.0205,4.0551,171,239,211.9063
3,206,52.6367,0.0755,1029.5874,0.0942,3.3102,164,242,219.0195
3,118,16.6289,0.0369,308.7208,0.1242,2.8673,183,242,235.1836
4,46,5.4727,0.0052,13.9708,0.4561,1.2668,222,242,240.1953
4,71,15.0313,0.026,124.8333,0.0943,2.8096,210,241,235.0117
6,136,31.7109,0.0502,382.5833,0.0485,3.4029,177,241,225.4805
7,149,47.4961,0.0872,819.0165,0.0251,3.8972,177,243,219.8945
7,147,46.2578,0.0704,571.525,0.0292,3.7264,183,247,225.0117
10,176,63.418,0.0906,880.8293,0.0227,3.9695,176,246,217.5781
9,141,48.4844,0.0798,701.4626,0.026,3.855,189,246,226.5469
10,154,48.8984,0.0806,737.7208,0.0264,3.8117,180,246,226.2266
10,175,62.5039,0.0871,902.9667,0.0239,3.916,176,246,218.25
12,153,61.3789,0.087,804.0458,0.0246,3.8746,182,244,218.8906
10,174,81.0234,0.1048,1070.6042,0.0192,4.0528,166,245,207.6992
12,203,86.6055,0.0942,936.9333,0.0226,3.9558,163,243,203.2617
10,175,64.9063,0.0679,514.4625,0.0288,3.724,164,243,210.9141
9,124,36.8984,0.0561,382.4542,0.0356,3.5538,183,245,226.957
11,158,47.8906,0.0711,541.6167,0.0274,3.7574,164,242,220.3672
10,153,50.5859,0.0732,712.0917,0.0362,3.7132,163,242,217.0117
2,66,7.668,0.0171,88.7792,0.207,2.2351,208,242,238.1133
2,153,27.1914,0.0802,1004.5417,0.0474,3.6897,175,242,228.4805
5,203,44.6094,0.0976,1097.5084,0.0219,4.0278,167,240,220.2891
4,205,60.3398,0.1163,1624.7832,0.0201,4.1574,163,240,213.7813
8,190,75.4492,0.1282,1754.7539,0.018,4.1666,166,239,203.5781
4,141,46.6445,0.0921,944.8917,0.0226,3.9616,167,243,217.5547
3,117,13.6172,0.0329,246.2501,0.0928,2.8865,189,246,238.043
3,63,9.2891,0.0241,123.2708,0.114,2.6864,214,245,239.9141
5,97,32.4063,0.0643,508.7542,0.0308,3.6816,191,244,224.8867
3,81,10.9219,0.0249,129.3042,0.1062,2.72,203,247,241.1406
3,42,7.1406,0.011,29.275,0.2162,2.029,222,247,242.2109
4,83,26.4609,0.0546,333.4792,0.0344,3.5441,204,241,228.9258
5,107,32.6094,0.067,571.7417,0.0318,3.7088,193,240,225.3438
5,170,26.0703,0.0656,677.475,0.0358,3.6136,177,240,229.3398
3,111,17.8164,0.0331,167.1458,0.0639,3.0648,186,241,232.7109
3,56,9.207,0.0124,41.8375,0.2425,2.0399,213,242,237.1836
4,36,8.7266,0.0098,23.9333,0.2362,1.9463,222,241,237.9102
7,146,38.375,0.057,396.1917,0.0355,3.5593,182,238,221.957
5,124,28.0156,0.0496,322.7208,0.0414,3.4625,188,241,227.793
6,195,39.8359,0.0785,846.6833,0.0294,3.8006,170,241,224.2539
9,182,64.7305,0.1194,1549.0294,0.0185,4.1812,175,240,214.168
10,176,79.8203,0.1277,1600.1918,0.0166,4.2252,174,241,209.3477
6,177,75.1914,0.13,1686.2124,0.0167,4.2093,174,247,213.0195
8,125,49.918,0.0819,713.4958,0.0253,3.8677,192,245,225.3711
7,179,52.6797,0.0886,951.0167,0.0244,3.9361,170,247,223.1133
7,155,46.0391,0.0966,1041.35,0.0216,4.0122,182,249,226.7852
5,137,15.1875,0.0257,188.0417,0.1494,2.5417,193,249,243.1992
5,103,10.2656,0.0127,74.0583,0.433,1.5578,197,249,245.4648
5,144,30.6484,0.0561,411.7458,0.036,3.5796,181,248,233.1172
7,97,20.2109,0.03,130.2333,0.0636,3.0171,197,246,237.8203
7,113,17.457,0.0239,137.1042,0.124,2.6353,186,246,238.5273
13,179,72.4375,0.0683,555.1417,0.0308,3.7069,157,240,203.4766
3,76,18.0508,0.0486,336.7959,0.0436,3.4188,200,242,232.3711
3,166,24.5859,0.0763,943.3667,0.0428,3.654,174,243,231.0938
2,165,34.6133,0.0815,1083.7041,0.0407,3.6904,180,242,225.457
2,59,4.418,0.0063,22.4333,0.395,1.3598,212,243,240.7344
2,197,25.707,0.0631,945.3751,0.1406,2.9779,168,243,228.6445
3,146,23.4688,0.0623,691.8958,0.0503,3.4926,186,242,230.207
3,125,21.3359,0.0621,623.4667,0.0406,3.5612,195,242,231.918
3,97,12.2773,0.0295,173.4167,0.1014,2.8606,204,243,237.0938
3,136,16.9258,0.0441,333.4041,0.0585,3.2861,187,247,236.8281
4,98,15.8633,0.0354,215.0417,0.0646,3.0799,202,249,241.1992
4,99,23.6602,0.0414,313.9875,0.0876,3.0892,193,249,236.5078
5,183,43.707,0.1041,1372.9958,0.0212,4.0675,176,247,226.1953
5,169,37.8711,0.078,881.1875,0.0348,3.7551,171,247,225.4375
4,46,8.6211,0.0117,25.6583,0.1656,2.1082,215,246,237.9766
4,52,13.4297,0.0197,67.6042,0.1077,2.5915,215,240,234.7539
5,110,17.9219,0.0271,135.6833,0.0961,2.834,191,239,232.3164
6,159,49.7188,0.0514,326.4083,0.0417,3.4541,176,239,216.3359
8,173,72.4102,0.0946,995.6042,0.0213,3.9913,168,238,204.6719
5,137,35.2383,0.0776,762.9083,0.0283,3.8147,184,242,224.8477
4,148,34.5859,0.0861,927.025,0.0249,3.8987,186,243,227.2773
5,158,31.5781,0.0773,867.2499,0.0316,3.77,172,248,229.6406
5,99,22.5938,0.0506,335.6084,0.0414,3.4602,204,250,238.1719
5,141,25.3945,0.0569,522.9875,0.0443,3.4716,188,249,237.2734
6,144,28.3555,0.0547,439.6042,0.0428,3.4932,191,247,235.8594
7,95,27.6641,0.0488,284.2875,0.0396,3.4191,200,247,234.7773
7,91,27.5977,0.0548,359.2833,0.0368,3.5456,204,249,235.582
5,66,17.4961,0.0309,133.8125,0.0663,3.0308,210,249,240.9531
5,38,9.1094,0.007,11.675,0.2701,1.7131,228,249,244.6406
5,137,25.168,0.0368,293.7751,0.1022,2.9177,188,247,236.5703
8,108,30.5391,0.0483,282.3375,0.0403,3.4068,186,245,231.1719
7,98,33.8477,0.0421,224.7208,0.0482,3.2765,184,245,227.5234
10,141,54.4648,0.057,375.0458,0.0343,3.563,175,242,215.2383
3,136,28.1406,0.0522,471.0833,0.0609,3.3075,175,245,228.75
3,139,28.9805,0.0644,591.0958,0.0428,3.5926,186,245,229.5313
3,98,30.3008,0.063,470.8459,0.0327,3.6387,192,244,227.4961
3,109,25.3242,0.051,318.9334,0.0432,3.4332,188,244,229.1797
3,113,29.5156,0.0557,376.3667,0.0368,3.5297,183,242,225.5
3,79,20.7734,0.0305,138.15,0.0767,2.9741,196,241,229.9492
2,97,19.8477,0.0511,412.2917,0.0542,3.3583,197,241,232.0234
3,156,22.3164,0.06,685.1917,0.0765,3.3034,178,245,233.7891
4,147,32.7305,0.0855,1019.1,0.0285,3.8501,174,247,231.6484
4,124,24.1992,0.051,407.6833,0.0473,3.3915,188,249,237.5625
8,157,53.3984,0.1007,1161.0459,0.0214,4.0357,176,246,221.7617
5,172,53.5664,0.0916,936.2833,0.0231,3.9685,170,249,221.7188
4,127,31.7109,0.071,692.0291,0.0321,3.7291,186,249,233.207
4,169,32.4727,0.0498,443.5458,0.0984,3.1373,170,249,233.2891
6,173,50.9258,0.0722,673.3333,0.0296,3.7366,168,247,220.293
5,199,24.082,0.046,377.0042,0.0601,3.253,170,247,234.7109
5,184,56.9219,0.0863,1055.2042,0.0354,3.8136,170,248,218.5664
5,162,49.125,0.0696,728.8458,0.0389,3.6631,169,247,218.1094
4,90,19.082,0.0506,350.9167,0.042,3.4382,197,245,233.3984
4,125,18.4297,0.0422,273.6042,0.0544,3.2758,185,245,235.6484
5,148,42.9922,0.079,725.2166,0.026,3.8399,180,244,223.3594
5,115,30.4648,0.0706,579.8751,0.0326,3.6971,198,249,234.2422
5,117,26.3164,0.0506,350.9125,0.0422,3.4661,197,249,235.8047
8,139,37.418,0.0805,800.4835,0.0286,3.7872,188,246,230.3359
8,101,39.5117,0.0773,621.4417,0.0265,3.8014,200,246,228.793
8,111,34.8594,0.0655,478.8208,0.0336,3.6222,198,247,230.8594
7,82,23.8125,0.0356,164.9792,0.0552,3.1558,213,248,237.0039
7,91,30.9844,0.0392,209.9875,0.0518,3.2121,203,247,232.4492
14,135,56.625,0.0687,528.9,0.0293,3.7215,186,241,218.0078
8,164,58.5664,0.0767,658.2084,0.0265,3.7895,172,245,216.2109
6,126,43.4492,0.0624,462.8,0.0317,3.6364,174,247,224.5703
9,151,35.6602,0.0508,372.4959,0.0452,3.434,171,242,225.4688
9,227,92.4805,0.1325,1890.4169,0.0166,4.2457,165,237,199.5391
4,179,46.1172,0.0888,1041.1792,0.0266,3.8948,172,242,218.8398
3,88,11.7695,0.0316,214.7125,0.0873,2.8881,196,244,238.4961
3,124,14.8125,0.0293,253.2958,0.1403,2.6243,182,245,237.4219
4,173,30.6953,0.0678,651.0917,0.0334,3.6701,183,243,228.8125
5,116,40.3398,0.065,481.4333,0.03,3.6949,186,242,220.8594
4,130,36.7695,0.0633,486.5083,0.0341,3.6299,182,241,222.2852
4,142,34.5664,0.082,869.6458,0.0267,3.8501,178,246,228.6133
10,214,77.7266,0.1361,2022.2292,0.0168,4.241,168,242,208.9375
7,233,80.8594,0.1489,2307.7793,0.0154,4.3275,167,246,208.1602
3,181,47.5,0.1034,1374.9335,0.0249,3.9786,174,250,225.5898
5,218,51.8008,0.1246,1920.8671,0.0205,4.1559,167,249,223.6523
6,188,50.5273,0.0887,921.2458,0.0251,3.873,172,248,225.207
10,230,100.0703,0.1273,1694.4001,0.0178,4.1612,166,245,200.0742
4,183,44.9961,0.0758,877.625,0.0337,3.7238,168,250,226.6875
3,189,27.6484,0.0788,1086.5667,0.0381,3.6906,176,251,237.4922
4,162,28.9297,0.0712,854.8083,0.0426,3.6215,175,250,236.7813
4,104,18.8594,0.0454,308.8042,0.0538,3.302,203,250,240.9063
4,86,12.2773,0.0242,128.2708,0.1232,2.6343,206,249,243.2852
4,85,12.8789,0.0221,105.0958,0.1122,2.6387,212,247,241.3281
5,143,31.1484,0.0587,500.125,0.0445,3.5334,183,245,228.9609
6,105,28.4531,0.0577,467.5251,0.0411,3.5339,202,248,235.7188
9,166,55.1602,0.087,845.2292,0.0258,3.8737,176,246,220.125
6,152,44.8945,0.0851,840.9542,0.0251,3.8961,179,249,226.1523
6,123,36.7422,0.0798,794.5791,0.0325,3.7225,187,248,231.293
7,145,39.4883,0.0745,641.6083,0.0295,3.75,191,246,228.8242
7,112,35.1484,0.0543,352.05,0.036,3.4962,201,246,231.4883
10,157,43.8516,0.0685,601.9667,0.0322,3.6796,187,245,226.3281
11,153,54.9297,0.0918,880.5958,0.0237,3.9148,184,243,220.7422
6,174,34.1484,0.0523,462.7125,0.0486,3.4084,172,247,230.8672
6,89,20.875,0.0312,151.1625,0.0756,3.0173,206,247,236.9727
9,146,42.0742,0.0545,394.7584,0.0392,3.4879,182,243,222.9844
4,255,75.4414,0.1608,2980.2209,0.0164,4.3005,166,245,210.7773
9,222,69.2031,0.137,2114.1338,0.0185,4.2114,171,245,213.7188
5,216,67.8633,0.1121,1719.0831,0.0259,3.9728,170,245,215.2891
6,252,78.7188,0.1208,1733.3667,0.0199,4.1145,166,242,207.7383
5,181,41.5859,0.0667,538.9625,0.0319,3.671,174,242,222.3984
7,197,61.2773,0.1014,1230.9792,0.0223,3.9977,170,241,211.6953
5,201,47.6406,0.099,1189.8625,0.0228,3.9915,172,243,218.9922
4,182,58.0781,0.1229,1744.071,0.0202,4.1331,170,248,218.2344
3,185,45.8633,0.0916,1339.0625,0.0382,3.8033,169,249,226.4961
2,214,32.957,0.0554,636.8,0.0981,3.1897,164,252,233.6875
3,102,11.3555,0.0317,205.2834,0.0857,2.9277,209,250,245.2969
3,157,33.0313,0.0848,941.4208,0.0254,3.8871,184,251,234.5391
4,178,40.0313,0.0928,1149.9417,0.0261,3.8973,170,249,231.2031
4,123,14.3477,0.0291,192.7125,0.1109,2.7761,187,250,243.6172
4,146,23.6484,0.0569,513.575,0.0432,3.47,185,250,237.8672
4,133,25.75,0.044,305.975,0.0509,3.3119,178,250,235.8633
4,121,19.6211,0.0302,158.7042,0.0855,2.9024,189,250,238.8281
6,136,31.125,0.046,284.6208,0.045,3.3841,188,247,232.8906
6,150,32.8086,0.0588,476.4333,0.0394,3.5282,184,248,232.2539
9,152,61.0195,0.0883,798.5416,0.0244,3.8679,177,246,215.4141
10,124,49.6211,0.0696,507.3792,0.0286,3.7099,184,242,216.832
8,166,49.8047,0.0771,708.3999,0.0266,3.8012,175,246,222.2891
7,141,52.1211,0.0878,828.8542,0.0235,3.9121,186,247,220.4844
7,150,45.6445,0.0769,662.1374,0.0272,3.7946,183,247,225.0195
12,151,73.7461,0.0887,793.2791,0.0236,3.8982,180,242,210.1367
10,144,59.6563,0.0733,566.8209,0.0274,3.7527,180,243,216.4922
13,162,73.3984,0.0909,835.75,0.0232,3.9257,179,243,210.3008
17,159,80.0039,0.0889,837.4585,0.0226,3.9261,172,240,207.0781
7,142,39.0781,0.0638,509.2417,0.0321,3.6845,185,246,227.8516
6,46,11.4844,0.0139,34.3542,0.1417,2.3308,226,246,242.5742
7,95,32.1641,0.0488,283.75,0.0391,3.4242,195,245,229.7852
9,156,52.4375,0.0576,396.8709,0.0358,3.5404,172,243,217.9063
1,55,4.7695,0.013,57.8125,0.2598,1.9573,220,249,246.5273
1,167,10.0195,0.0222,254.6292,0.3353,1.8188,186,249,244.7969
2,185,18.1641,0.0378,654.4459,0.2575,2.1963,173,249,239.7891
2,199,42.4883,0.0694,1214.4458,0.138,3.0202,168,248,229.2031
2,247,76.5078,0.1079,2089.8503,0.0884,3.547,166,247,214.0273
3,242,74.9219,0.1351,2161.2749,0.0174,4.2504,170,246,210.6328
3,214,94.4102,0.1502,2301.396,0.0161,4.2877,168,247,202.5234
8,175,71.9766,0.1119,1335.6748,0.02,4.0891,172,243,209.1016
3,132,54.2813,0.1024,1131.3667,0.02,4.0625,180,249,217.293
3,162,24.4688,0.0511,379.8292,0.0421,3.4373,180,250,236.293
4,102,33.6484,0.0746,647.6917,0.0286,3.736,200,250,232.5352
4,117,28.9336,0.0627,494.3541,0.0345,3.6155,200,250,234.6602
7,200,57.082,0.1108,1404.3376,0.0211,4.0353,172,246,221.125
5,175,55.2227,0.1108,1388.7749,0.0192,4.0911,174,249,222.1836
4,216,68.3242,0.1225,1737.3627,0.0191,4.1546,166,250,216.9961
5,209,66.9805,0.1249,1725.6503,0.0186,4.2001,166,249,215.8789
8,151,56.2578,0.0868,806.4582,0.0251,3.8819,183,246,220.2305
12,200,84.4102,0.1008,1077.6417,0.0211,4.007,168,244,207.1719
9,232,62.6328,0.1021,1285.1292,0.0237,3.9613,170,246,218.3047
8,239,106.0078,0.1299,1770.6416,0.018,4.187,165,247,199.2969
20,250,130.4609,0.1224,1437.5668,0.0176,4.1617,164,236,184.6328
18,212,98.7695,0.1092,1211.0083,0.019,4.097,166,240,196.5781
17,184,88.2148,0.0995,1047.5167,0.0214,4.0047,165,236,199.2109
16,172,76.2656,0.112,1245.8335,0.0191,4.102,174,241,209.5664
10,193,62.1367,0.0918,901.1542,0.0226,3.9537,174,243,216.3828
8,139,46.6641,0.0711,572.875,0.0284,3.7283,182,245,223.1406
9,140,48.5117,0.0692,538.8292,0.0308,3.7134,185,244,223.6445
9,140,42.0078,0.0749,671.3083,0.0273,3.8057,173,245,226.2969
7,70,15.1484,0.0201,62.2292,0.0996,2.624,216,247,241.332
7,95,26.582,0.0404,237.7333,0.0532,3.2457,196,246,233.4375
7,72,15.8477,0.019,73.6167,0.129,2.5177,210,245,239.6445
9,93,27.9414,0.0437,219.425,0.0438,3.3285,202,243,231.6133
1,65,7.1328,0.0211,99.3042,0.1341,2.5457,219,249,244.8516
1,61,7.2578,0.0205,63.2875,0.0926,2.6909,217,249,244.8359
1,82,12.5703,0.034,183.2458,0.065,3.0501,209,247,240.6484
1,59,7.1445,0.0215,116.2792,0.1976,2.3938,222,249,244.4258
1,8,2.0742,0.0016,1.0417,0.5978,0.7845,242,247,245.3242
1,36,3.3633,0.0058,16.5917,0.5305,1.2302,231,249,245.9766
2,111,7.0898,0.0171,136.7458,0.265,2.0251,212,250,246.3906
2,196,32.7188,0.088,1245.0417,0.0296,3.8102,176,250,234.0039
3,195,53.4414,0.1314,2067.6294,0.0191,4.1857,168,250,223.6133
3,204,61.6836,0.1507,2519.9666,0.0169,4.2679,174,249,220.8438
6,208,73.2266,0.1422,2191.6042,0.0156,4.3501,171,247,215.0234
4,181,63.0039,0.1054,1241.3625,0.0206,4.0741,175,249,217.7305
4,178,55.2109,0.1271,1803.3083,0.0187,4.1941,178,250,222.4883
3,121,24.2266,0.0734,844.8792,0.0359,3.7041,185,252,239.0977
4,128,28.625,0.0523,342.7875,0.0392,3.4824,194,250,235.543
5,144,40.5039,0.0909,1054.0376,0.0253,3.9303,193,249,230.0742
5,240,72.793,0.143,2208.5168,0.0177,4.2344,168,249,216.6797
7,233,91.1367,0.1523,2450.5249,0.0147,4.3828,166,247,206.3242
5,182,45.6875,0.0903,945.5792,0.0245,3.9133,169,249,225.5938
3,153,19.6758,0.0403,316.5042,0.0769,3.075,180,251,240.8477
3,238,34.0313,0.0519,627.95,0.0911,3.1381,164,251,235.7773
4,222,60.9844,0.0957,1504.2086,0.0684,3.5766,166,250,222.1797
5,236,62.5977,0.0918,1275.3168,0.0333,3.8701,165,250,221.168
7,181,70.9805,0.1202,1538.3751,0.0181,4.1685,175,248,212.7656
6,157,53.3086,0.1049,1196.0625,0.0231,3.9643,178,247,220.5
6,160,33.9609,0.0662,720.7917,0.0448,3.5435,177,247,231.5508
7,162,61.1367,0.0991,1058.4084,0.0233,3.9605,176,246,218.5977
8,160,55.7695,0.0852,873.3625,0.0273,3.8507,178,245,218.6875
7,122,29.9023,0.0601,441.9375,0.0378,3.5419,197,246,232.6328
6,123,19.9219,0.0364,200.7167,0.061,3.1068,196,247,238.332
7,117,23.6133,0.0404,268.2166,0.0581,3.2199,192,246,236.4453
7,125,48.7578,0.0697,578.5251,0.0281,3.7796,191,243,221.957
3,84,21.125,0.0472,275.275,0.0455,3.3735,204,249,237.3398
3,110,28.8945,0.0679,562.1083,0.0315,3.696,202,250,236.3984
3,107,20.918,0.0553,427.6792,0.0407,3.4887,203,249,238.6797
2,87,17.0938,0.0486,355.2625,0.0544,3.3643,207,247,238.25
2,155,19.4258,0.0509,433.0292,0.0464,3.3913,192,246,235.8711
2,194,43.7109,0.1003,1282.8085,0.0255,3.939,180,248,225.5625
3,177,43.0898,0.1078,1329.1333,0.0207,4.0559,184,250,227.4492
3,135,27.7188,0.0744,702.6166,0.0311,3.7258,188,250,235.6602
2,93,15.6523,0.0453,326.0833,0.0637,3.2452,205,249,241.0391
2,63,5.0859,0.0097,47.8208,0.3764,1.6109,220,249,246.8516
2,76,8.3086,0.0208,123.5,0.1797,2.356,218,250,245.7539
2,144,25.9063,0.0781,912.625,0.0351,3.7189,189,251,238.3047
4,148,27.8398,0.0778,748.8,0.0278,3.7819,189,251,237.668
3,93,15.2617,0.0366,214.025,0.0626,3.126,209,252,244.2734
7,202,75.7305,0.1179,1558.2792,0.0197,4.1146,172,247,214.5078
14,172,77.3281,0.1099,1255.7084,0.0194,4.0926,178,243,208.0625
3,135,27.293,0.0681,659.5043,0.0403,3.6024,185,250,235.8516
3,57,7.3477,0.0147,67.3208,0.2262,2.11,217,252,247.5938
3,136,16.6445,0.0423,317.1708,0.0553,3.2298,189,251,242.1953
3,94,11.5547,0.031,236.9792,0.1423,2.7085,205,251,245.1797
3,30,5.0273,0.0038,7.1375,0.5217,1.1414,234,251,248.9492
4,212,33.7031,0.0681,742.6375,0.0412,3.6222,174,250,233.668
9,183,69.7891,0.1383,1951.8292,0.0167,4.2718,176,249,214.7227
5,176,53.1094,0.0987,1288.9708,0.0249,3.9939,168,251,223.2227
5,187,41.5664,0.0793,893.1374,0.0316,3.7545,178,250,226.4102
6,153,33.4023,0.0601,458.5625,0.0359,3.5863,184,245,229.9297
9,182,61.3516,0.089,958.3293,0.0239,3.9355,172,244,216.3828
11,152,66.7578,0.1063,1139.9873,0.0205,4.0568,178,242,212.2383
8,144,57.7969,0.0894,849.5167,0.0241,3.9295,182,245,216.5
8,116,38.3242,0.0735,582.7875,0.0275,3.7551,186,245,227.1836
6,98,24.5,0.0446,270.9333,0.049,3.3318,198,246,234.2578
6,95,15.668,0.0289,165.0375,0.1069,2.8121,207,245,239.5234
1,161,23.9258,0.0638,770.4333,0.0694,3.3835,193,249,237.6523
1,119,12.5313,0.0388,342.2917,0.101,2.9631,198,251,243.6484
1,93,9.2109,0.0227,155.1459,0.2185,2.3429,209,253,247.1172
1,56,6.1016,0.0153,62.2333,0.2167,2.1566,219,253,248.6328
1,111,7.7891,0.0233,161.8334,0.1637,2.4469,204,252,244.8633
1,164,9.1016,0.0239,398.3125,0.4696,1.4957,186,250,243.6953
1,174,11.0586,0.0283,369.9334,0.355,1.9013,189,249,242.8008
1,63,12.1055,0.0347,209.3375,0.1047,2.909,217,249,242.3125
2,88,12.2461,0.0387,223.15,0.0549,3.211,210,249,242.2148
2,137,15.7031,0.0462,425.9,0.0733,3.2283,193,250,241.8203
2,120,16.082,0.0413,392.1208,0.0961,2.9945,204,250,242.0039
2,138,11.6367,0.0341,324.4042,0.1301,2.7233,192,253,245.9063
2,134,28.7266,0.0757,890.6625,0.0404,3.6631,195,253,238.8633
4,167,44.7031,0.1062,1240.8461,0.02,4.1059,190,251,230.3828
3,150,21.4063,0.053,568.5167,0.0568,3.3348,199,253,242.2344
7,181,64.7969,0.1313,1734.2708,0.0166,4.2312,186,247,218.4766
4,128,47.9063,0.1091,1190.9208,0.0191,4.1003,184,251,225.2305
3,95,16.8359,0.0444,318.5291,0.0528,3.3181,204,251,242.5898
3,68,11.2031,0.0261,120.8208,0.0852,2.8486,212,251,245.5313
3,118,15.9219,0.0286,178.0208,0.154,2.653,193,251,242.7695
3,166,37.1094,0.0631,666.2458,0.0618,3.4321,182,251,232.4297
5,136,35.6406,0.0751,732.0626,0.0307,3.7386,186,252,233.4336
4,129,23.2031,0.0565,539.1459,0.0453,3.4661,193,253,241.6289
5,94,18.4922,0.045,292.7584,0.0496,3.29,208,252,243.1445
5,196,48.3164,0.0881,938.0168,0.0248,3.9145,171,250,223.7461
4,230,69.6602,0.0986,1249.1833,0.029,3.925,166,247,215.4258
4,227,68,0.0745,796.3708,0.0485,3.6201,166,247,215.3984
4,174,38.7656,0.0688,674.7125,0.0364,3.6824,169,247,227.1992
5,141,34.7695,0.0768,763.825,0.0327,3.7293,186,246,230.1445
5,144,27.0195,0.0591,538.9,0.0397,3.5521,187,246,233.1328
5,131,17.207,0.0315,186.675,0.0735,2.9624,181,246,238.5352
5,141,18.6367,0.034,213.5583,0.0718,3.031,193,245,237.6133
1,41,3.4375,0.01,23.2875,0.2269,1.9568,231,249,246.25
1,30,2.6094,0.0068,19.4958,0.3549,1.4974,236,250,248.3047
1,40,3.8828,0.0106,26.125,0.1943,2.0533,232,252,249.1836
1,40,5.1836,0.0146,43.5292,0.148,2.31,230,253,249.918
1,40,6.4922,0.0159,50.575,0.1772,2.3393,234,253,249.8477
2,94,22.1484,0.0447,262.8,0.0462,3.3585,209,252,240.9336
2,91,15.9141,0.0321,168.45,0.0753,3.0113,211,252,244.2305
2,88,10.9102,0.027,130.075,0.0887,2.8226,214,252,244.0508
2,83,6.9492,0.0227,162.1125,0.2214,2.3081,214,252,246.5508
2,41,4.6797,0.0113,28.1583,0.1869,2.0824,233,251,247.3555
2,30,3.543,0.0063,11.3583,0.3118,1.6225,238,252,249.3086
2,133,15.5938,0.0407,397.5209,0.1011,2.9483,199,253,244.2344
3,141,30.8047,0.0822,835.6542,0.0267,3.8621,195,252,236.8906
2,97,14.9961,0.0447,313.5833,0.0525,3.3021,206,252,244.0039
2,127,10.5781,0.026,173.0667,0.105,2.6932,205,253,247.3906
2,95,15.2148,0.0368,258.8583,0.0902,3.0224,209,253,244.6836
2,120,16.4102,0.0423,397.775,0.0975,3.0454,192,252,243.8945
2,113,21.1641,0.0552,559.5083,0.099,3.1832,200,253,242.1406
3,104,21.1367,0.0529,365.7626,0.0392,3.502,201,252,241.2969
3,204,40.9727,0.0838,1008.8375,0.0294,3.817,175,252,231.5898
3,203,52.6992,0.0741,917.8332,0.0527,3.5812,173,254,226.7539
4,178,50.5742,0.0816,763.6292,0.0245,3.8955,180,252,226.3555
5,195,38.8633,0.0776,757.7209,0.0263,3.8423,182,252,232.5898
5,169,54.0313,0.1016,1303.7709,0.0224,4.0419,176,252,225.3438
4,164,19.543,0.0506,421.3917,0.0517,3.3804,183,249,239.1758
3,37,5.0547,0.006,16.2542,0.3866,1.4387,230,249,247.0469
4,70,8.3281,0.0155,68.4583,0.2043,2.2059,217,247,244.5469
4,56,8.1367,0.0125,41.0417,0.2101,2.1007,217,247,244.3125
4,28,5.8438,0.0053,7.1333,0.3057,1.5227,234,247,245.4063
4,24,5.332,0.0037,4.3083,0.3931,1.2993,235,247,245.4297
4,24,5.7656,0.0034,4.725,0.474,1.1576,236,246,244.8125
5,23,7.0664,0.0062,8.1,0.2775,1.677,234,245,243.4844
1,66,9.3008,0.0309,145.0542,0.074,2.9974,225,250,244.6641
1,58,9.5625,0.0328,158.4333,0.0648,3.0717,224,250,245.9805
1,45,7.3477,0.0195,64.1542,0.1056,2.6182,232,252,248.3164
2,81,11.6523,0.0305,137.7875,0.0661,3.024,220,252,246.8203
2,95,18.3789,0.0427,249.25,0.0482,3.2689,209,253,243.9805
3,123,29.7031,0.0579,436.0583,0.0385,3.4962,204,253,239.3438
3,97,25.3086,0.0577,394.6417,0.0348,3.571,209,252,241.375
3,109,30.3906,0.0754,675.1917,0.0274,3.7922,201,253,238.418
2,50,6.9648,0.0172,67.9,0.1564,2.3962,225,252,249.4023
2,19,3.668,0.0052,7.0917,0.3241,1.4972,242,251,249.043
2,34,6.5898,0.0175,53.8542,0.1193,2.5122,234,252,247.6563
2,58,8.8828,0.0234,109.2417,0.1198,2.6744,228,253,248.5781
2,41,3.7148,0.0064,21.5042,0.3711,1.4533,233,253,251.1914
2,66,5.6602,0.0128,75.4375,0.4249,1.5809,220,253,249.875
2,83,5.5898,0.0117,60.2958,0.3911,1.6752,210,253,249.6172
2,37,3.9688,0.0073,22.9667,0.3842,1.544,231,254,251.2969
2,24,3.3125,0.0041,5.8,0.3905,1.2964,241,253,250.9414
2,45,4.7656,0.0093,31.4625,0.3097,1.7613,231,253,248.9219
2,58,7.125,0.0125,51.2333,0.2732,1.9272,222,253,248.6328
3,74,13.1641,0.031,155.9125,0.0693,3.0032,220,252,245.3164
3,59,10.6445,0.0258,121.5417,0.0994,2.7606,219,254,247.3516
3,37,6.1211,0.0112,28.5292,0.1862,2.0815,235,253,250.4141
3,167,39.5078,0.0673,714.5875,0.0541,3.5054,182,254,234.25
3,170,25.4219,0.0544,517.7584,0.0661,3.3623,185,253,238.2422
3,32,4.8594,0.0054,14.3875,0.5361,1.1768,230,250,247.4414
3,17,4.168,0.0031,3.7417,0.5035,1.1148,240,250,247.7148
4,74,11.5859,0.0201,64.9917,0.0985,2.6154,214,248,242.9922
5,63,9.3828,0.0143,38.9458,0.1532,2.3187,214,246,243.2031
4,100,9.3594,0.0103,53.8208,0.3166,1.7404,207,246,243.082
4,7,4.918,0.0005,0.1458,0.7678,0.4112,244,246,245.2617
4,9,5.6328,0.0014,0.5375,0.5609,0.7817,242,246,244.1328
4,29,6.5938,0.0051,9.9917,0.3926,1.3711,233,246,243.8633
1,79,8.5469,0.0286,166.4834,0.1,2.8374,219,252,247.6328
1,113,14.8945,0.0446,318.2917,0.0531,3.2759,208,253,245.3594
1,126,23.3477,0.0705,835.8083,0.0407,3.5711,204,253,242.3594
2,177,29.6094,0.0842,1082.775,0.0335,3.7835,194,253,239.1641
1,166,31.7773,0.0781,1016.4209,0.0425,3.7059,196,253,238.5742
2,132,29.4336,0.0739,749.8042,0.0355,3.716,201,254,239.6914
2,144,39.1797,0.0927,1103.5792,0.0247,3.9382,199,254,236.0547
4,125,36.6484,0.0769,699.0417,0.0264,3.8344,206,252,236.0078
4,139,41.207,0.0755,641.1833,0.0262,3.8179,194,251,232.6094
3,152,21.0352,0.0396,249.0417,0.0532,3.2232,198,249,239.9805
3,88,14.2539,0.0292,141.65,0.0786,2.9199,210,250,242.3477
2,95,10.5078,0.0229,126.6333,0.1328,2.6095,205,251,245.332
2,28,3.7773,0.0038,5.9,0.3943,1.2654,236,252,248.6445
2,24,4.2852,0.0055,7.8917,0.3374,1.5078,237,252,248.9414
2,31,3.2344,0.0029,5.5583,0.5087,0.9464,234,253,250.5547
2,41,7.8438,0.0178,50.2875,0.1069,2.5478,234,252,248.6328
3,45,9.875,0.0188,57.025,0.11,2.5721,231,252,247.3438
3,47,6.9766,0.0114,24.9583,0.161,2.1511,230,252,247.6758
3,86,22.2461,0.0486,310.9292,0.0433,3.3941,212,249,239.0742
5,137,34.8633,0.0884,1017.95,0.0266,3.8574,195,250,233.457
3,108,21.3086,0.0616,496.3333,0.0354,3.63,197,250,239.7617
3,45,7.5859,0.0191,70.5125,0.1227,2.5322,229,252,248.0859
2,20,3.7188,0.0041,5.5583,0.4264,1.2999,242,254,251.7852
2,21,4.0586,0.0033,4.6417,0.4841,1.1516,240,255,249.8438
3,9,3.1289,0.0007,0.4458,0.8217,0.4218,244,249,247.3516
3,40,8.1445,0.0108,25.8667,0.1886,2.0955,229,249,243.8945
4,97,24.6758,0.0428,270.8708,0.0532,3.2816,205,247,236.5742
5,164,19.9453,0.0372,288.9458,0.068,3.0701,190,246,238.6445
4,58,8.7422,0.0111,48.5542,0.303,1.8039,222,247,244.0117
4,12,5.1133,0.0008,0.4833,0.749,0.5211,241,247,245.3477
4,9,5.0703,0.0005,0.1875,0.83,0.3714,242,246,245.1914
4,5,4.6016,0.0008,0.2042,0.675,0.5061,245,247,245.9844
1,18,2.5508,0.0075,13.7,0.2738,1.7494,243,253,251.1523
1,34,2.3945,0.007,20.3,0.3165,1.5482,237,253,251.3164
1,17,1.8164,0.0042,5.1292,0.3547,1.3558,245,253,251.9141
1,26,1.9688,0.0044,9.4583,0.3949,1.2134,242,253,252.0391
1,55,2.7969,0.0072,19.5167,0.3352,1.5635,227,253,251.7109
1,21,1.6484,0.0028,4.9708,0.5448,0.9784,244,254,252.793
1,24,1.9258,0.0029,4.9667,0.5385,1.0232,243,254,252.9453
1,156,10.5234,0.0301,421.5333,0.29,2.097,204,254,249.2617
1,162,19.5078,0.0475,646.5125,0.2263,2.4817,198,253,244.3008
1,206,38.5781,0.0842,1132.8208,0.057,3.6135,186,251,234.3164
2,161,58.5898,0.0895,1040.7209,0.0273,3.8755,193,250,224.4844
3,163,47.2617,0.0874,982.1416,0.0266,3.9137,194,249,228.8828
3,145,50.4805,0.0826,759.025,0.0261,3.8578,196,248,226.0352
4,154,46.8711,0.0823,814.2875,0.0264,3.8772,193,248,227.5977
3,188,20.3594,0.0336,265.1833,0.0989,2.8893,189,250,240.4297
4,195,53.8164,0.0879,1037.5459,0.027,3.9222,186,250,226.6445
5,197,75.7148,0.093,921.6041,0.0224,3.9613,187,249,215.5391
3,122,24.7734,0.0459,316.5458,0.0589,3.3143,194,251,238.1523
5,164,33.5781,0.0617,487.05,0.0347,3.6367,187,248,232.6328
5,96,31.6719,0.0626,449.7834,0.0313,3.6482,206,249,233.5313
5,113,32.5391,0.0529,369.7042,0.0396,3.4721,196,249,232.8633
3,81,12.9961,0.025,105.0875,0.0889,2.8225,206,251,243.0625
3,34,5.5977,0.0099,24.3417,0.2243,1.9724,234,252,249.0117
3,24,4.9219,0.0069,9.0375,0.2324,1.7678,240,253,249.7539
3,12,3.4453,0.0011,0.5208,0.6727,0.6575,241,249,246.7813
3,15,5.125,0.0044,3.9208,0.3175,1.439,239,246,244.0391
4,28,5.0781,0.0028,2.8625,0.441,1.0934,235,247,245.2266
4,40,7.2773,0.0074,15.5542,0.2804,1.7237,227,247,244.6055
4,8,4.6797,0.0012,0.425,0.597,0.6976,245,247,245.8555
4,7,5.2891,0.0008,0.2792,0.7298,0.5198,243,246,245.1914
5,16,5.7305,0.0017,0.8167,0.5326,0.8504,240,246,245.1914
5,10,5.5469,0.0012,0.4375,0.6089,0.7044,241,247,244.9453
1,13,2.1797,0.0044,4.4167,0.3331,1.4236,245,252,249.6445
1,39,2.8477,0.0075,28.4625,0.3588,1.4861,233,251,249.3906
1,16,1.5469,0.0023,1.9917,0.4757,0.9583,244,252,250.9414
1,4,1.2266,0.0011,0.3458,0.6255,0.6486,250,252,251.5586
1,4,1.1367,0.0008,0.2875,0.7059,0.5281,250,253,251.75
1,2,1.0273,0.0001,0.0292,0.9434,0.1318,250,253,251.625
1,2,1.1563,0.0006,0.1625,0.7278,0.4438,249,253,251.1328
1,2,1.3086,0.0006,0.1583,0.7335,0.4369,249,254,250.625
1,2,1.2109,0.0006,0.1542,0.7392,0.4299,249,252,250.7188
1,2,1.1719,0.0006,0.1417,0.7568,0.408,249,252,250.4336
1,11,1.5664,0.0008,0.5042,0.7228,0.5149,245,251,249.9492
1,16,1.8672,0.0016,1.2667,0.5557,0.7771,245,251,249.6602
1,130,7.8867,0.0174,174.6208,0.372,1.6972,201,251,246.7969
1,166,32.3789,0.0514,575.8542,0.2158,2.6831,193,251,236.4258
1,212,59.1484,0.0648,770.4875,0.1168,3.1811,187,252,227.3711
1,157,17.0977,0.0262,180.1583,0.2039,2.4189,192,254,243.2461
1,176,19.1797,0.0285,326.0917,0.2489,2.2398,191,254,243.4102
2,211,50.582,0.0688,825.475,0.0603,3.4459,185,252,229.2188
2,205,58.7461,0.063,656.2458,0.0663,3.3958,182,250,225.1016
3,167,59.2109,0.0877,933.6583,0.0309,3.8674,186,250,221.5469
7,146,50.5313,0.0936,907.8249,0.0213,3.9907,192,246,224.3242
4,90,22.5391,0.0413,213.5125,0.0477,3.2888,204,247,236.9844
4,57,13.2617,0.024,79.7208,0.0832,2.7598,222,249,242.9688
3,66,14.5156,0.0231,71.3042,0.0846,2.7558,220,251,242.9453
4,56,12.582,0.0164,45.1958,0.1248,2.4542,220,249,241.4727
4,51,11.3711,0.0146,38.8083,0.1375,2.3755,223,245,241.5508
5,94,24.3477,0.0306,127.5875,0.0683,3.0043,205,245,234.2383
4,83,19.0039,0.0264,104.8375,0.0806,2.8792,205,246,236.6992
4,58,7.5898,0.0064,15.0417,0.3414,1.5506,222,246,243.5508
5,62,9.3828,0.007,15.2208,0.2636,1.6887,219,245,241.9219
6,82,20.2539,0.0229,78.2833,0.0887,2.7629,205,245,236.8828
6,100,14.1758,0.0151,63.1792,0.221,2.1706,199,244,239.6602
2,40,8.4336,0.0237,77.6583,0.0811,2.791,217,250,246.1094
2,49,9.8398,0.0279,110.1083,0.0719,2.9586,219,250,244.957
1,68,4.4766,0.0097,44.15,0.2618,1.7856,217,250,247.6133
1,15,3.8516,0.006,7.4417,0.3213,1.6072,240,250,248.043
1,5,1.9805,0.0004,0.1333,0.8192,0.3424,247,251,249.2461
1,7,2.0078,0.0008,0.2917,0.6819,0.5348,246,251,248.6055
1,4,2.0508,0.0004,0.1208,0.8059,0.3607,247,250,248.7266
2,19,2.2461,0.0017,4.1667,0.7647,0.5668,240,249,248.418
2,3,2.0195,0.0001,0.0333,0.9356,0.1461,247,250,248.6367
1,2,1.9453,0.0002,0.0625,0.8828,0.2338,247,250,248.3398
1,4,1.8203,0.0007,0.1917,0.7196,0.4836,245,250,247.9805
1,3,1.5352,0.0005,0.1333,0.7689,0.3927,247,250,248.0625
1,2,1.5781,0.0004,0.1042,0.8134,0.3341,247,249,248.0742
2,2,2,0,0,1,0,246,250,248.3633
1,2,1.8945,0.0003,0.0667,0.8756,0.2449,249,252,250.3477
1,2,1.7109,0.0004,0.1125,0.8003,0.3517,249,255,251.5156
1,2,1.8516,0.0005,0.1167,0.7939,0.3602,250,254,252.0859
1,3,1.9922,0.0001,0.0292,0.9434,0.1318,250,252,251.5664
2,4,2.0469,0.0001,0.0333,0.9356,0.1461,249,253,251.7422
2,4,2.1289,0.0004,0.1042,0.8134,0.3341,249,253,251.3711
2,121,12.918,0.0304,290.7792,0.2396,2.2656,204,252,244.8555
2,119,12.4102,0.0241,223.5625,0.3338,1.9853,200,252,244.8984
2,38,3.8828,0.0049,15.3458,0.5286,1.1401,231,252,248.7148
3,75,8.4844,0.0141,68.1792,0.3038,1.9565,217,250,246.1484
5,78,24.6289,0.0399,186.6375,0.0474,3.2339,218,247,237.3555
7,85,26.3008,0.0391,175.575,0.0476,3.2397,213,245,234.9336
6,106,29.2969,0.0391,181.4458,0.0487,3.2363,209,245,233.0039
6,76,25.7852,0.0382,164.2542,0.0493,3.2166,211,244,234.4531
7,83,20.9219,0.0251,100.5083,0.0927,2.8012,212,246,237.9453
6,102,20.4883,0.0282,143.8125,0.0876,2.8622,209,247,239.3516
6,99,13.6211,0.0165,74.5292,0.1678,2.3173,205,247,241.1406
7,102,13.0117,0.0085,31.3375,0.3865,1.5721,202,244,240.4961
2,74,12.7539,0.03,139.7334,0.0742,2.9652,207,249,242.3555
2,63,9.2188,0.0201,63.975,0.1041,2.6295,210,250,244.7539
2,57,11.1875,0.0226,78.3167,0.0913,2.723,219,249,242.6563
2,73,10.4336,0.0214,99.5125,0.1078,2.6145,219,249,243.0195
2,155,42.7656,0.0458,295.9833,0.0598,3.2906,193,248,228.0547
2,155,46.6445,0.0426,238.0792,0.0498,3.317,191,247,225.1328
2,119,16.3945,0.0194,86.2417,0.1371,2.4762,196,249,240.0625
2,19,3.2383,0.0028,3.3625,0.4943,1.0711,239,249,247.0039
2,4,2.5547,0.0005,0.1375,0.7628,0.4004,246,249,247.0039
2,7,2.4609,0.0006,0.225,0.7596,0.4502,245,247,246.8438
2,3,2.1328,0.0004,0.1042,0.8134,0.3341,245,249,246.8008
2,3,2.0313,0.0002,0.0417,0.9201,0.1732,245,249,246.6016
2,3,2.0156,0.0001,0.0167,0.9672,0.0848,246,248,246.8789
2,3,2.0039,0,0.0042,0.9917,0.027,247,250,248.3203
2,2,2,0,0,1,0,248,250,249.1523
2,2,2,0,0,1,0,249,250,249.6406
2,5,2.3477,0.001,0.2625,0.623,0.5835,248,251,249.8086
2,4,2.2891,0.0005,0.1208,0.7875,0.3686,249,251,249.7266
2,3,2.1992,0.0003,0.075,0.8613,0.2664,248,252,249.8047
2,3,2.3906,0.0005,0.1208,0.7875,0.3686,249,252,250.1445
2,5,2.9805,0.0006,0.1875,0.7588,0.4512,247,250,249.4883
2,5,3.0039,0.0006,0.1792,0.7368,0.4623,247,249,248.0234
3,21,5.0078,0.0064,8.0125,0.251,1.7061,238,249,246.4961
3,17,4.5508,0.0051,5.6458,0.2982,1.5039,242,249,246.6406
4,28,8.3242,0.0112,17.0583,0.1576,2.1046,237,247,244.3672
5,52,15.75,0.0232,69.025,0.0778,2.7946,223,246,239.75
7,90,29.9531,0.0412,205.2292,0.0477,3.2619,210,245,233.6016
6,86,17.4297,0.0217,83.7375,0.1007,2.6947,212,245,239.1953
7,130,21.7852,0.0304,156.4167,0.0832,2.9435,203,246,238.5508
7,135,23.4766,0.0285,131.3333,0.0817,2.9121,198,246,238.1016
7,75,15.4492,0.0154,44.2,0.129,2.4034,215,246,240.957
8,177,65.3008,0.0547,321.9291,0.035,3.5185,186,243,219.4648
4,81,35.1211,0.0371,183.1459,0.0515,3.1992,195,245,223.0273
3,52,13.3203,0.0209,65.2042,0.0938,2.6676,215,247,239.6445
3,81,20.8672,0.0389,211.7792,0.0556,3.2034,197,247,236.0234
7,140,58.1406,0.0569,325.8417,0.0344,3.5281,193,245,218.3984
42,159,101.8555,0.0615,375.9,0.0316,3.6002,191,224,201.5898
65,164,111.7031,0.0436,196.6625,0.0418,3.2995,192,212,198.8906
5,164,84.2344,0.0622,405.5625,0.0323,3.6015,195,246,209.8984
3,179,44.9141,0.0531,440.6458,0.0516,3.4527,195,247,229.6211
3,105,17.6289,0.026,185.9583,0.1811,2.4602,207,247,240.5117
3,79,8.8594,0.0125,46.2458,0.2143,2.061,214,247,243.4531
2,28,3.7188,0.0023,3.8917,0.5716,0.8424,237,247,245.6055
2,4,2.9258,0.0004,0.1083,0.8068,0.343,245,246,245.6211
2,4,2.8477,0.0006,0.15,0.745,0.4227,245,247,246.3633
2,4,2.8242,0.0006,0.1458,0.7509,0.4154,246,248,246.7031
2,3,2.5703,0.0007,0.175,0.7112,0.4637,246,249,247.7109
2,3,2.2852,0.0008,0.2042,0.675,0.5061,247,250,249.0039
2,4,2.3164,0.0009,0.225,0.6513,0.5332,248,250,249.6758
2,15,3.8164,0.0038,4.5333,0.4406,1.2634,243,250,248.5547
3,15,3.8203,0.0032,2.8917,0.4264,1.2133,243,249,247.9766
3,17,3.6758,0.0025,2.3042,0.4961,1.0354,243,250,248.8125
3,13,3.9492,0.0037,3.5917,0.3843,1.309,245,250,248.3008
3,10,3.25,0.001,0.7708,0.7467,0.5507,244,248,246.9883
3,21,3.668,0.0024,3.3375,0.5451,0.942,239,249,247.3594
3,25,4.7734,0.0049,7.8792,0.3535,1.4045,237,247,246.1211
4,51,10.1445,0.0142,32.45,0.1272,2.3673,228,247,242.9609
5,78,23.0586,0.0269,88.0542,0.0683,2.8978,214,245,237.0625
12,107,40.8164,0.0496,277.525,0.04,3.4189,208,243,229.9961
7,109,36.8672,0.0512,342.1959,0.0397,3.4649,207,245,231.5781
6,93,19.1953,0.0284,120.5333,0.0734,2.9216,214,246,239.3789
6,68,12.2148,0.0141,35.825,0.1419,2.327,224,246,241.9492
6,90,17.6133,0.0195,74.4125,0.1294,2.5561,214,246,240.207
9,198,98.6719,0.0611,399.3751,0.0346,3.5534,186,245,211.4844
5,92,34.043,0.0365,139.9125,0.0494,3.1486,191,244,224.6563
5,101,36.3828,0.044,231.9708,0.0478,3.3128,200,245,228.2031
5,107,44.9219,0.0396,188.4584,0.0542,3.1971,184,246,221.6445
10,143,70.5547,0.0479,227.1,0.0378,3.3857,178,245,206.1016
52,193,129.1523,0.0484,252,0.0403,3.3941,178,221,189.1016
94,217,166.1563,0.0369,148.7292,0.0494,3.1681,187,203,192.6133
47,215,166.6914,0.0559,383.2834,0.0389,3.4877,189,225,194.0938
10,206,141.6641,0.0612,458.5917,0.0329,3.6031,191,243,201.1875
9,166,91.1914,0.0754,594.5583,0.0273,3.7616,197,244,212.4531
7,138,60.1914,0.0622,416.1292,0.0336,3.5723,202,244,221.1641
3,170,44.2773,0.0409,251.0459,0.0736,3.1696,196,246,229.4219
3,61,8.0391,0.0122,30.9792,0.1725,2.1759,222,246,243.6758
3,29,4.6328,0.0042,7.5333,0.3978,1.3112,234,246,244.3594
3,13,3.7813,0.0023,1.8333,0.5108,0.9984,243,247,245.8281
3,7,3.0859,0.0003,0.0958,0.8823,0.2491,245,249,247.0508
2,4,2.9805,0.0001,0.0292,0.9434,0.1318,247,249,248.4219
2,4,2.9375,0.0003,0.075,0.8613,0.2664,247,250,249.3906
2,26,3.2188,0.0018,4.5458,0.7206,0.631,239,251,249.3672
3,118,17.8242,0.0259,129.1708,0.1298,2.6811,206,249,241.8984
3,127,24.9609,0.031,153.3417,0.0832,2.9498,200,249,238.6367
3,68,13.457,0.0243,89.3167,0.0888,2.8013,220,249,243.957
3,73,11.3594,0.0183,64.1125,0.1161,2.5362,216,248,243.7344
3,24,5.9023,0.0068,9.375,0.2464,1.7382,238,249,246.1602
4,50,10.7383,0.0165,41.6083,0.108,2.4785,233,248,244.2227
4,65,15.9688,0.0236,84.4083,0.0863,2.7662,227,246,241.2344
6,67,19.332,0.0296,113.5667,0.0651,2.9789,221,246,239.7344
10,84,31.4102,0.0476,261.8625,0.0396,3.4133,215,243,233.6133
6,89,23.457,0.0339,158.6292,0.0592,3.0793,214,245,236.8359
5,55,14.5,0.0186,61.6333,0.1174,2.5266,223,245,240.9063
5,36,9.3203,0.0089,16.4,0.2231,1.8998,232,247,243.4844
5,37,10.6016,0.0085,14.3458,0.2099,1.9197,232,247,243.7461
8,71,17.9258,0.0193,56.8375,0.1029,2.6035,225,245,239.6133
5,116,57.4102,0.0376,142.475,0.0491,3.1488,173,243,202.9336
5,140,56.4023,0.0447,209.0376,0.0409,3.3445,169,245,206.5156
5,145,43.7383,0.048,269.7083,0.0418,3.4113,170,247,220.3594
7,165,72.0977,0.0577,370.7875,0.0345,3.5472,177,246,211.6797
24,203,86.6445,0.0565,389.1833,0.0359,3.515,175,238,204.0117
43,190,113.8906,0.0824,723.6,0.0253,3.8337,191,228,205.043
6,156,61.2852,0.0787,674.7625,0.0263,3.7988,193,245,223.625
4,87,11.082,0.0176,73.1667,0.1402,2.4358,218,246,242.7539
5,130,31.7852,0.0509,407.8292,0.057,3.3554,202,246,234.3242
5,122,21.7578,0.0352,217.4709,0.0659,3.0695,205,246,238.5742
4,179,32.4141,0.0424,393.2667,0.0752,3.1054,195,247,235.4531
5,130,46.7188,0.0506,307.0542,0.0408,3.4381,197,247,225.2695
4,84,23.168,0.0258,104.2625,0.081,2.8656,207,245,236.8086
3,61,7.625,0.0086,33.9667,0.32,1.6409,221,247,244.2461
3,14,4.5859,0.0022,1.6042,0.5123,0.9851,243,247,246.7148
3,41,7.4531,0.0086,22.9042,0.2943,1.7913,233,248,245.4531
3,45,6.0781,0.0054,12.15,0.4119,1.3403,228,250,248.1836
3,44,5.9297,0.0068,16.1542,0.3765,1.5384,223,251,248.2148
3,88,15.9805,0.0278,165.3875,0.1412,2.6531,200,250,240.9492
5,111,44.1211,0.0543,315.2,0.0378,3.4653,204,246,230.0234
12,145,72.1367,0.0779,602.9042,0.0278,3.7476,197,244,218.8867
5,126,44.2617,0.0647,460.3918,0.0296,3.698,202,246,229.5898
4,54,13.3516,0.0245,83.7625,0.0799,2.7868,227,249,243.2344
4,35,9.8555,0.0136,26.7917,0.1357,2.3037,234,249,245.4414
5,47,10.6641,0.019,57.1458,0.1023,2.5996,231,247,244.7695
5,71,14.9961,0.0243,76.8792,0.0772,2.7983,221,247,241.7383
5,69,14.3242,0.0243,86.575,0.0843,2.7799,222,245,240.4688
6,84,18.5781,0.0274,103.9542,0.0724,2.8824,220,244,238.8438
5,80,14.2539,0.0187,55.6042,0.1004,2.5926,223,245,240.5117
5,45,8.1367,0.0058,10.7958,0.3127,1.5505,229,247,245.1133
6,103,18.25,0.0216,89.4375,0.0992,2.6809,218,246,240.3438
8,85,18.2852,0.0186,73.5792,0.154,2.4113,220,245,239.7813